"title","tag"
"Add-ConAnd","condition-functions"
"Add-ConEquals","condition-functions"
"Add-ConIf","condition-functions"
"Add-ConNot","condition-functions"
"Add-ConOr","condition-functions"
"Export-Vaporshell","core-functions"
"Import-Vaporshell","core-functions"
"Import-VSTemplateConfig","core-functions"
"Initialize-Vaporshell","core-functions"
"Add-FnBase64","intrinsic-functions"
"Add-FnCidr","intrinsic-functions"
"Add-FnFindInMap","intrinsic-functions"
"Add-FnGetAtt","intrinsic-functions"
"Add-FnGetAZs","intrinsic-functions"
"Add-FnImportValue","intrinsic-functions"
"Add-FnJoin","intrinsic-functions"
"Add-FnRef","intrinsic-functions"
"Add-FnSelect","intrinsic-functions"
"Add-FnSplit","intrinsic-functions"
"Add-FnSub","intrinsic-functions"
"Add-FnTransform","intrinsic-functions"
"New-VaporCondition","primary-functions"
"New-VaporMapping","primary-functions"
"New-VaporMetadata","primary-functions"
"New-VaporOutput","primary-functions"
"New-VaporParameter","primary-functions"
"New-VaporResource","primary-functions"
"Add-CreationPolicy","resource-attributes"
"Add-UpdatePolicy","resource-attributes"
"Add-PolicyAction","resource-helpers"
"Add-UserData","resource-helpers"
"Add-VSChangeSetResourceToImport","sdk-wrappers"
"Get-TemplateValidation","sdk-wrappers"
"Get-VSAccountLimits","sdk-wrappers"
"Get-VSChangeSet","sdk-wrappers"
"Get-VSS3BucketList","sdk-wrappers"
"Get-VSS3BucketLocation","sdk-wrappers"
"Get-VSS3ObjectList","sdk-wrappers"
"Get-VSS3ObjectMetadata","sdk-wrappers"
"Get-VSStack","sdk-wrappers"
"Get-VSStackSet","sdk-wrappers"
"Get-VSStackSetInstance","sdk-wrappers"
"Get-VSStackSetOperation","sdk-wrappers"
"Invoke-VSChangeSetExecution","sdk-wrappers"
"Invoke-VSDeploy","sdk-wrappers"
"Invoke-VSPackage","sdk-wrappers"
"New-VSChangeSet","sdk-wrappers"
"New-VSS3Box","sdk-wrappers"
"New-VSS3Object","sdk-wrappers"
"New-VSStack","sdk-wrappers"
"New-VSStackSet","sdk-wrappers"
"New-VSStackSetInstances","sdk-wrappers"
"Remove-VSChangeSet","sdk-wrappers"
"Remove-VSStack","sdk-wrappers"
"Remove-VSStackSet","sdk-wrappers"
"Remove-VSStackSetInstances","sdk-wrappers"
"Resume-VSStackUpdateRollback","sdk-wrappers"
"Set-VSCredential","sdk-wrappers"
"Set-VSStackPolicy","sdk-wrappers"
"Stop-VSStackSetOperation","sdk-wrappers"
"Stop-VSStackUpdate","sdk-wrappers"
"Update-VSStack","sdk-wrappers"
"Update-VSStackSet","sdk-wrappers"
"VSStackParameter","sdk-wrappers"
"VSStackSetOperationPreferences","sdk-wrappers"
"VSStackTag","sdk-wrappers"
"Watch-Stack","sdk-wrappers"
"vsl","supersets"
"Add-Include","transform"
